source,author,title,description,content,publishedAt,url
NPR,Alejandra Borunda,Major budget cuts proposed for the National Oceanic and Atmospheric Administration,"The agency forecasts weather, manages fisheries, and researches the world's oceans, atmosphere, and climate. The proposed budget cuts would slash the climate work entirely.","The Trump administration is proposing deep cuts at the National Oceanic and Atmospheric Administration, according to a draft budget proposal viewed by NPR.
The agency's budget for 2026 would be slas… [+6357 chars]",2025-04-11T20:52:25Z,https://www.npr.org/2025/04/11/nx-s1-5361366/major-budget-cuts-proposed-for-the-national-oceanic-and-atmospheric-administration
Wired,Laura Mallonee,One Man’s Quest to Reforest the Rio Grande Valley,The Tamaulipan thorn forest once covered 1 million acres on both sides of the US-Mexico border. Restoring even a fraction of it could help the region cope with the ravages of a warming world.,"Despite this, Dale says any restoration, no matter how small, is worth the investment. The nursery is currently growing 4,000 seedlings for four more community plots, each an acre or two in size. Sma… [+3216 chars]",2025-04-12T06:00:00Z,https://www.wired.com/story/the-rio-grande-valley-was-once-covered-in-forest-one-man-is-trying-to-bring-it-back/
Gizmodo.com,Margherita Bassi,Scientists Link Mysterious Icelandic Rocks to ‘Little’ Ice Age—and Rome’s Downfall,The unexpected discovery of Greenland rocks in Iceland hints that a centuries-long cold snap may have helped finish off the Western Roman Empire.,"Many historians agree that the fall of the Western Roman Empire, usually dated to the fall of ancient Rome in 476 CE, marked the end of classical antiquity. What they don’t always agree on, however, … [+4543 chars]",2025-04-15T14:25:08Z,https://gizmodo.com/scientists-link-mysterious-icelandic-rocks-to-little-ice-age-and-romes-downfall-2000589292
Time,Justin Worland,Trade Tensions Could Open Opportunities for Climate Action,It’s possible to envision a world where climate considerations become a key focal point in trade discussions.,"In an instant, President Trump landed the most significant blow yet to the post-war trade regime last week as he announced aggressive tariffs on friends and foes alike. Even after his significant bac… [+5379 chars]",2025-04-11T15:33:17Z,https://time.com/7276849/tariffs-trade-tensions-climate-action/
Time,Simmone Shah,"Climate Change Is Putting Everyone’s Livelihood at Stake, Says Sabrina Elba","Sabrina Elba, a Goodwill ambassador for the U.N. speaks to TIME about the importance of supporting farmers in the Global South.","For Sabrina Elba, the fight against climate change must begin in the Global South. The actress, model, and co-founder of the beauty brand SABLE Labs has seen first-hand how climate change is impactin… [+8533 chars]",2025-04-15T12:00:00Z,https://time.com/7277808/sabrina-elba-climate-change-global-south/
Gizmodo.com,Adam Kovac,Dinosaurs Weren’t Fading Before the Asteroid—We Just Suck at Finding Their Fossils,New analysis shows several families of dinosaurs were likely thriving in North America in the latter days of the dinosaur era.,"Diversity is central to one of the biggest questions paleontologists have about dinosaurs. Namely, were these ancient creatures already on the decline when that fateful asteroid came crashing out of … [+4173 chars]",2025-04-12T14:00:53Z,https://gizmodo.com/dinosaurs-werent-fading-before-the-asteroid-we-just-suck-at-finding-their-fossils-2000586879
Scientific American,The Editors,There Is No Such Thing as a Climate Haven,Climate change is everywhere. Moving to a new place because it seems less affected is a fool’s errand,"In September 2024 Hurricane Helene flooded the mountain town of Asheville, N.C., which had once been called a climate haven, a place less prone to the toll of climate change. In March 2025 fires cour… [+6185 chars]",2025-04-15T13:00:00Z,https://www.scientificamerican.com/article/there-is-no-such-thing-as-a-climate-haven/
Slashdot.org,msmash,"Pentagon Axes $5.1 Billion in IT and Consulting Contracts With Accenture, Deloitte","Defense Secretary Pete Hegseth has ordered the termination of multiple IT and consulting contracts with firms including Accenture, Deloitte, and Booz Allen Hamilton, describing them as ""wasteful spending."" 

A Department of Defense memo indicates the cuts tar…","Defense Secretary Pete Hegseth has ordered the termination of multiple IT and consulting contracts with firms including Accenture, Deloitte, and Booz Allen Hamilton, describing them as ""wasteful spen… [+870 chars]",2025-04-11T12:00:00Z,https://news.slashdot.org/story/25/04/11/0712244/pentagon-axes-51-billion-in-it-and-consulting-contracts-with-accenture-deloitte
Politicopro.com,"Chelsea Harvey, E&E News",Three NASA Climate Satellites Are Dying. There’s No Plan to Replace Them,"Scientists are increasingly concerned about the future of Earth science under President Donald Trump, as three key NASA satellites are nearing the end of their missions with no plans for replacement",CLIMATEWIRE | The looming demise of three NASA satellites has scientists bracing for the loss of climate and atmospheric data — especially since there are no plans to replace some of the specialized … [+7419 chars],2025-04-11T14:30:00Z,https://subscriber.politicopro.com/article/eenews/2025/04/02/three-nasa-satellites-are-dying-their-end-could-disrupt-climate-data-00261755
Yahoo Entertainment,Geri Mileva,Iconic American beverage brand on brink of collapse amid series of setbacks: 'Cornucopia of challenges',There are various factors hitting the industry hard.,"Shifting environmental conditions and plant diseases are posing a threat to the orange industry. Meanwhile, evolving consumer habits are reducing demand for orange juice, putting the iconic orange ju… [+3122 chars]",2025-04-11T10:15:58Z,https://www.yahoo.com/news/iconic-american-beverage-brand-brink-101558326.html
BBC News,,"Constance Marten's baby exposed to 'substantial' cold, jury hears","Marten and the baby's father, Mark Gordon, are in the middle of a retrial at the Old Bailey in London.","Daniel SandfordBBC home affairs correspondent
Constance Marten's newborn baby would have been exposed to ""substantial climatic cold stress"" in the first few days she spent camping on the South Downs… [+2626 chars]",2025-04-15T14:16:51Z,https://www.bbc.com/news/articles/c89g0nep49lo
NPR,Sarah Ventre,Jewish students at Georgetown protest detention of professor Badar Khan Suri,"More than 130 Jewish students, staff and alumni from Georgetown University signed a public letter opposing the detention of Badar Khan Suri, saying that President Trump's policies make Jews less safe.","More than 130 Jewish students, staff and alumni from Georgetown University have signed a public letter opposing the arrest and detention of researcher Badar Khan Suri, saying that President Trump's p… [+3724 chars]",2025-04-11T15:15:13Z,https://www.npr.org/2025/04/11/g-s1-59580/jewish-students-at-georgetown-protest-detention-of-professor-badar-khan-suri
New Scientist,James Woodford,Antarctic teams drill oldest ice cores yet in search of climate clues,"Ice cores that record 1.2 million years of Earth’s atmosphere are on their way to Europe to be analysed, and an Australian drilling team is hoping to go even further back in time","The camp at Dome C on the East Antarctic plateau where the Beyond EPICA team are drilling ice cores
Rob Mulvaney
More than a century ago, explorers from several countries raced to reach the globes … [+355 chars]",2025-04-14T18:00:48Z,https://www.newscientist.com/article/2474805-antarctic-teams-drill-oldest-ice-cores-yet-in-search-of-climate-clues/
Time,JENNIFER McDERMOTT and SIBI ARASU / AP,How a Meeting on Shipping Emissions Could Result in World’s First Global Carbon Tax,Many of the world's largest shipping nations will decide Friday whether to impose a tax on carbon emissions from ships.,"Many of the world's largest shipping nations will decide Friday whether to impose a tax on carbon emissions from ships.
If the 174 International Maritime Organization members present all but the Uni… [+2433 chars]",2025-04-11T09:56:25Z,https://time.com/7276725/meeting-on-shipping-emissions-could-prompt-world-first-global-carbon-tax/
NPR,Michael Copley,Climate activists were hacked. There was a link between the victims and an alleged attacker,Prosecutors say the operation was aimed at gathering information to foil lawsuits against the fossil fuel industry over damage communities have faced from climate change.,"For years, the U.S. Justice Department has worked to unravel a global hacking campaign
 that targeted prominent American climate activists. Now, public tax filings reviewed by NPR reveal an unexpect… [+15870 chars]",2025-04-15T09:00:00Z,https://www.npr.org/2025/04/15/nx-s1-5352761/hacking-climate-change-activists-exxonmobil-dcigroup
Newhampshirebulletin.com,Rob Riley,"If not wood, what? If not here, where?",The increasing political divide is weaving itself into how to best sustain public forests and maximize their contribution to society. Recent calls to...,"""Wood is naturally a part of a more circular ecological system; fossil fuel is not."" (Photo by Dana Wormald/New Hampshire Bulletin)
The increasing political divide is weaving itself into how to best… [+4974 chars]",2025-04-14T08:55:12Z,https://newhampshirebulletin.com/2025/04/14/if-not-wood-what-if-not-here-where/
Phys.Org,"European Commission, Joint Research Centre (JRC)",War worsens climate and environmental challenges in Ukraine,"While Ukraine has made significant progress in climate action since the 2010s, and undertaken efforts to align its environmental strategy with EU standards, Russia's invasion in 2022 has contributed to environmental devastation due to the release of potential…","While Ukraine has made significant progress in climate action since the 2010s, and undertaken efforts to align its environmental strategy with EU standards, Russia's invasion in 2022 has contributed … [+7697 chars]",2025-04-11T13:02:05Z,https://phys.org/news/2025-04-war-worsens-climate-environmental-ukraine.html
Science Daily,,Colombia's peatlands could be a crucial tool to fight climate change: But first we have to find them,Researchers conducted three years of extensive fieldwork to develop the first data-driven map of both newly documented and predicted peatlands across Colombia's eastern lowlands.,"UC Santa Cruz Assistant Professor of Environmental Studies Scott Winton has been wading through thick, smelly muck in the tropics for almost a decade. He wouldn't have it any other way. As a wetland … [+7485 chars]",2025-04-15T20:03:52Z,https://www.sciencedaily.com/releases/2025/04/250415160352.htm
Phys.Org,"Ethan I. Thorpe, Michael Vandenbergh, Zdravka Tzankova","Companies will still face pressure to manage for climate change, even as government rolls back US climate policy","As the federal government moves to eliminate U.S. climate rules, companies still face pressure to be better stewards of the planet from their customers, investors, employees, local communities, lenders, insurers, global trading partners and many states.","As the federal government moves to eliminate U.S. climate rules, companies still face pressure to be better stewards of the planet from their customers, investors, employees, local communities, lende… [+8185 chars]",2025-04-14T16:05:05Z,https://phys.org/news/2025-04-companies-pressure-climate-policy.html
Phys.Org,Science X,US climate cuts hurting global science: Europe's weather agency,Europe's meteorological agency says cuts by US President Donald Trump's administration to a key American science agency had hindered the sharing of crucial observations used around the globe to monitor the climate and forecast weather.,Europe's meteorological agency says cuts by US President Donald Trump's administration to a key American science agency had hindered the sharing of crucial observations used around the globe to monit… [+2738 chars],2025-04-15T09:39:04Z,https://phys.org/news/2025-04-climate-global-science-europe-weather.html
Phys.Org,Cecil MORELLA,"Early holiday, more fans: Philippines schools adapt to climate change",Kindergarten teacher Lolita Akim fires up five standing fans with three more at the ready as she fights to hold the attention of her pint-sized pupils in Manila's soaring heat.,"Kindergarten teacher Lolita Akim fires up five standing fans with three more at the ready as she fights to hold the attention of her pint-sized pupils in Manila's soaring heat.
Last year, heat waves… [+5586 chars]",2025-04-11T08:30:31Z,https://phys.org/news/2025-04-early-holiday-fans-philippines-schools.html
Business Insider,Sarah Perkel,The CEO of Microsoft AI has some 'sort of obvious' advice for young people looking to succeed,"Mustafa Suleyman said workers will develop ""symbiotic"" relationships with AI assistants, and young people should begin preparing now.","Mustafa Suleyman said workers will develop ""symbiotic"" relationships with AI agents.PATRICK T. FALLON
<ul><li>Mustafa Suleyman, CEO of Microsoft AI, said he expects the future of work to include ""sy… [+3639 chars]",2025-04-12T11:06:01Z,https://www.businessinsider.com/microsoft-ai-ceo-mustafa-suleyman-advice-young-people-2025-4
Al Jazeera English,Al Jazeera,UN agrees deal on shipping emissions despite US threats,The US pulled out of the climate talks at the International Maritime Organization in London this week.,"Countries at the United Nations shipping agency have struck a deal on a global fuel emissions standard for the maritime sector, which will impose an emissions fee on ships that breach it and reward v… [+2769 chars]",2025-04-11T17:28:23Z,https://www.aljazeera.com/news/2025/4/11/un-agrees-deal-on-shipping-emissions-despite-us-threats
The New Yorker,The New Yorker,Briefly Noted,"“The Maverick’s Museum,” by Blake Gopnik; “The Franklin Stove,” by Joyce E. Chaplin; “The Dream Hotel,” by Laila Lalami; and “Hunchback,” by Saou Ichikawa, translated from the Japanese by Polly Barton.","The Mavericks Museum, by Blake Gopnik (Ecco). Albert C. Barnes was born into poverty in 1872, in Philadelphia, and went on to make a fortune as the inventor of a topical antiseptic and to amass a sta… [+1434 chars]",2025-04-14T10:00:00Z,https://www.newyorker.com/magazine/2025/04/21/the-mavericks-museum-the-franklin-stove-the-dream-hotel-and-hunchback
Theregister.com,Brandon Vigliarolo,"AI to more than double global datacenter electricity use by 2030, say global policy wonks","No worries, just use neural networks to optimize systems powering neural networks
Analysis Global datacenter electricity use is set to more than double by 2030 - slightly surpassing Japan's total consumption - with AI named as the biggest driver.…<!--#include…","Analysis Global datacenter electricity use is set to more than double by 2030 - slightly surpassing Japan's total consumption - with AI named as the biggest driver.
That's the conclusion of the Inte… [+6023 chars]",2025-04-12T12:58:11Z,https://www.theregister.com/2025/04/12/ai_double_datacenter_energy/
Phys.Org,Massachusetts Institute of Technology,"Hundred-year storm tides to hit Bangladesh every decade as climate change intensifies, scientists report","Tropical cyclones are hurricanes that brew over the tropical ocean and can travel over land, inundating coastal regions. The most extreme cyclones can generate devastating storm tides—seawater that is heightened by the tides and swells onto land, causing cata…","Tropical cyclones are hurricanes that brew over the tropical ocean and can travel over land, inundating coastal regions. The most extreme cyclones can generate devastating storm tidesseawater that is… [+7798 chars]",2025-04-11T15:05:53Z,https://phys.org/news/2025-04-year-storm-tides-bangladesh-decade.html
Yahoo Entertainment,Timothy McGill,Scientists discover alarming global impacts of issue occurring in the Arctic: 'Striking similarities',"""There is much scientific disagreement about the remote effects of Arctic sea ice loss.""","An international team of scientists said it's found a link between the melting of Arctic sea ice and weather in far-flung parts of the planet.
What's happening?
Weather teleconnections are one way … [+3509 chars]",2025-04-13T10:45:57Z,https://www.yahoo.com/news/scientists-discover-alarming-global-impacts-104557004.html
BBC News,,Katy Perry set for space with all-women crew on Blue Origin rocket,Six women—including pop star Katy Perry—are set to blast off into space as part of an all-women suborbital mission,"Maddie MolloyBBC Climate &amp; Science reporter
The singer will be aboard Blue Origin's New Shepard rocket
Pop star Katy Perry and five other women are set to blast into space aboard Jeff Bezos' sp… [+4404 chars]",2025-04-14T07:54:39Z,https://www.bbc.com/news/articles/cvg8e5gq8ljo
VentureBeat,Dean Takahashi,Nvidia pledges to build its own factories in the U.S. for the first time to make AI supercomputers,Nvidia said it is working with its manufacturing partners to build factories that will produce AI supercomputers in the U.S.,"Nvidia said it is working with its manufacturing partners to design and build factories that, for the first time, will produce Nvidia AI supercomputers entirely in the U.S.
Together with leading man… [+2911 chars]",2025-04-14T15:05:00Z,https://venturebeat.com/games/nvidia-pledges-to-build-its-own-factories-in-the-u-s-for-the-first-time-to-make-ai-supercomputers/
Vox,Umair Irfan,The freaky part of allergy season that no one warned you about,"Pollen allergy season is getting longer and more intense as the climate changes, creating more misery for allergy sufferers. But it’s not the only type of allergy threat getting worse with warming.  There are other allergens, like mold spores, whose spread co…","An Asian hornet.


Pollen allergy season is getting longer and more intense as the climate changes, creating more misery for allergy sufferers. But it’s not the only type of allergy threat getting w… [+7258 chars]",2025-04-11T17:09:50Z,https://www.vox.com/climate/408287/allergy-season-insects-pollen-climate-change
The New Yorker,Bill McKibben,Donald Trump’s Tariffs and the Price of Calm,Bill McKibben writes about the worldwide turmoil created by President Donald Trump’s rapid imposition of tariffs.,"I happened to be in northern EuropeFinland and Estoniaduring the days of President Donald Trumps operatic tariff gambit, from his opening announcement that the days when other nations raped and loote… [+7666 chars]",2025-04-14T10:00:00Z,https://www.newyorker.com/news/the-lede/donald-trumps-tariffs-and-the-price-of-calm-northern-europe
Scientific American,"Rachel Feltman, Fonda Mwangi, Alex Sugiura","Length of a Day on Uranus Revised, Pour Height Influences Coffee Quality, and Plastics Recycling Falls Short.","A fluid study homes in on the best method to make a cup of coffee, scientists use the Hubble Telescope to reassess the length of a day on Uranus, and we discuss more of the latest in science in this news roundup.","Rachel Feltman: Happy Monday, listeners! For Scientific American’s Science Quickly, I’m Rachel Feltman. Let’s catch up on some of the science news you might have missed last week.
We’ll ease into th… [+7573 chars]",2025-04-14T10:00:00Z,https://www.scientificamerican.com/podcast/episode/length-of-a-day-on-uranus-revised-pour-height-influences-coffee-quality-and/
ABC News,Aaron Katersky,Harvey Weinstein faces #MeToo retrial as imprisoned movie mogul returns to court,The sequel to the biggest victory of the #MeToo era starts Tuesday when disgraced film producer Harvey Weinstein is re-tried in New York for alleged sex crimes.,"The sequel to the biggest victory of the #MeToo era starts Tuesday when disgraced film producer Harvey Weinstein is retried in New York for alleged sex crimes.
It could take five days to seat a jury… [+2007 chars]",2025-04-15T09:15:23Z,https://abcnews.go.com/US/harvey-weinstein-faces-metoo-retrial-imprisoned-movie-mogul/story?id=120807395
Yahoo Entertainment,Geri Mileva,Authorities stumble upon unexpected energy drain during raid on abandoned warehouse: 'The largest cost input',"The facility appeared deserted, but it housed racks of computers that ran nonstop.","A government raid on an empty warehouse in Abkhazia has raised concerns about the unregulated energy consumption of crypto-mining operations. The facility appeared deserted, but it housed racks of co… [+2879 chars]",2025-04-11T10:15:53Z,https://www.yahoo.com/news/authorities-stumble-upon-unexpected-energy-101553888.html
Grist,Grist Creative,Looking to create effective climate change policy? Ask the community.,"In Seattle, community assemblies are gathering frontline community members to set their own policies around extreme weather.","For Peter Hasegawa, it all started with the heat dome. The labor organizer remembers the 2021 extreme heat event that killed more than 400 people in the state of Washington. That disaster woke up res… [+7499 chars]",2025-04-15T14:30:34Z,http://grist.org/sponsored/looking-to-create-effective-climate-change-policy-community-assembly-seattle/
BBC News,,Global breakthrough to tackle shipping emissions,Countries break ten-year deadlock to agree measures to reduce commercial shipping emissions.,"Esme StallardClimate and science reporter
Countries have agreed a global deal to tackle shipping emissions, after nearly ten years of negotiations.
The agreement covers the vast majority of the wor… [+5865 chars]",2025-04-11T13:27:50Z,https://www.bbc.com/news/articles/c20xxv22wl9o
Business Insider,Morgan McFall-Johnsen,"I'm a coffee expert for a specialty importer and café. We just raised our prices, and I expect others will do the same.","Chris Kornman, a coffee specialist at an importer, says the industry is in a crisis and tariffs made it worse. He thinks customers will soon pay more.","The Crown is a coffee shop in Oakland, California, owned by the importer Royal Coffee.Royal Coffee
<ul><li>Chris Kornman is a coffee specialist and educator for an importer that runs a high-end coff… [+4783 chars]",2025-04-15T17:22:45Z,https://www.businessinsider.com/raised-coffee-prices-expect-other-cafes-shops-will-too-2025-4
Popular Mechanics,Elizabeth Rayne,"Archaeologists Found a 1,000-Year-Old Buddha Statue With Stunning Details","His two typical companions are still missing, though.","""Hearst Magazines and Yahoo may earn commission or revenue on some items through these links.""
<ul><li>An ancient Buddha statue from the early Goryeo dynasty was recently discovered at an archaeolog… [+3599 chars]",2025-04-11T12:00:00Z,https://www.popularmechanics.com/science/archaeology/a64428603/buddha-statue-north-korea/
Mental Floss,CaLea Johnson,"Indian’s Thar Desert Is Getting Greener, Thanks to Human Activity","Thanks to increased accessibility to water and energy, the Thar Desert is now the most populated desert on Earth.","Climate change has had a far-reaching impact on the environment, from increased pathogens found in polar bears to higher levels of seafood contamination. Though its effects are overwhelmingly negativ… [+1793 chars]",2025-04-11T19:01:00Z,https://www.mentalfloss.com/india-thar-desert-greener-climate-change
Quartz India,Ben Kesslen,The 5 most environmentally-friendly states in America — and the 5 least environmentally-friendly,"Going green isn’t just good for the planet — it’s smart for your wallet, too. In the U.S. alone, weather and climate disasters caused a staggering $182.7 billion in damage last year, and those costs are only projected to keep climbing. But not every state is …","Going green isnt just good for the planet its smart for your wallet, too. In the U.S. alone, weather and climate disasters caused a staggering $182.7 billion in damage last year, and those costs are … [+1079 chars]",2025-04-14T09:00:00Z,https://qz.com/5-most-least-environmentally-friendly-u-s-states-1851775055
Forbes,"Angelica Mari, Senior Contributor, 
 Angelica Mari, Senior Contributor
 https://www.forbes.com/sites/angelicamarideoliveira/",Brazil Evolves Smart City Technology To Combat Climate Change,Authorities at city and state-levels are broadening adoption of sensor-based technologies and interoperable data analytics approaches to face extreme weather events,"Flooding in the Jardim Pantanal district, which is located in a floodplain area of the Tiete River. ... More These are new neighborhoods affected by the frequent floods. (Photo by Fabio Vieira/FotoRu… [+10982 chars]",2025-04-15T13:27:42Z,https://www.forbes.com/sites/angelicamarideoliveira/2025/04/15/brazil-evolves-smart-city-technology-to-combat-climate-change/
Project Syndicate,Gary Yohe,The EPA’s Rejection of Climate Science Threatens Everyone,"The US Environmental Protection Agency recently announced that it was undertaking a formal review of its “endangerment finding,” which declares that climate change is real and caused by human activity. Unless it is stopped, the review could provide cover for …","The US Environmental Protection Agency recently announced that it was undertaking a formal review of its endangerment finding, which declares that climate change is real and caused by human activity.… [+5997 chars]",2025-04-14T14:36:30Z,https://www.project-syndicate.org/commentary/epa-reconsiders-endangerment-finding-major-attack-on-climate-science-by-gary-yohe-2025-04
Forbes,"Rachel King, Contributor, 
 Rachel King, Contributor
 https://www.forbes.com/sites/rachelking/",How Climate And Economics Are Reshaping California’s Wine Industry,"A new book examines the climate risks, economic shifts and market changes for California's massive wine industry.","Author Elaine Chukan Brown.
Académie du Vin Library
Californias vineyards have long been symbols of reinvention. From the earliest plantings by Indigenous workers to the rise of Napa Valleys most s… [+9723 chars]",2025-04-14T16:00:00Z,https://www.forbes.com/sites/rachelking/2025/04/14/how-climate-and-economics-are-reshaping-californias-wine-industry/
Psychology Today,Suzanne Degges-White Ph.D.,Family Dysfunction at the Macro Level,Those who grew up in dysfunctional families may find the current unpredictable political climate all too familiar.,"If you grew up in a family in which a parent or caregiver suffered from addiction, mental illness, or a personality disorder, theres a good chance that you consider yourself to have grown up in a dys… [+2962 chars]",2025-04-14T18:13:26Z,https://www.psychologytoday.com/us/blog/lifetime-connections/202504/family-dysfunction-at-the-macro-level
Gizmodo.com,Sabina Graves,Tony Gilroy and Diego Luna on the Joy of Knowing Andor‘s Inevitable End,The Star Wars showrunner and Rogue One star look back on coming into season 2 already knowing where Cassian's journey would take him.,"Last night Andor season two had its Hollywood premiere with a house full of fans and the creative teams behind the hit Disney+ Star Wars series. io9 was in attendance (with my dad, who introduced me … [+5023 chars]",2025-04-15T18:50:40Z,https://gizmodo.com/tony-gilroy-and-diego-luna-on-the-joy-of-knowing-andors-inevitable-end-2000589606
BBC News,,Explosion in central Athens after anonymous tip off,"There have been no reported injuries as Greece's transport minister condemned the ""criminal"" attack.","Thomas Mackintosh
No fatalities or injuries have been reported
There has been an explosion in central Athens, near the offices of Greek railway company Hellenic Train.
CCTV footage captured the mo… [+2405 chars]",2025-04-12T04:32:18Z,https://www.bbc.com/news/articles/c0r51d2r8peo
Live Science,"Stephanie Pappas, Marilyn Perkins",Climate change: Facts about our warming planet,"Discover important facts about what climate change is, what's causing it, and what we can do to stop it.","Climate change is creating a warmer world with rising sea levels and more dangerous weather. It is also messing up ecosystems around the world.
Some of the most dramatic changes can be seen in the A… [+1553 chars]",2025-04-14T21:00:33Z,https://www.livescience.com/planet-earth/climate-change/climate-change-facts-about-our-warming-planet
Forbes,"Ingmar Rentzhog, Contributor, 
 Ingmar Rentzhog, Contributor
 https://www.forbes.com/sites/ingmarrentzhog/",Global Governance Just Won Big — As The U.S. Left The Room,"On April 11, 2025, the world achieved something rare: a legally binding global climate agreement to cut shipping emissions","IMO Headquarters plenary room during the Marine Environment Protection Committee (MEPC 83) 
IMO.org/Flickr Creative Common License
On April 11, 2025, the world achieved something rare: a legally bi… [+8098 chars]",2025-04-12T15:14:50Z,https://www.forbes.com/sites/we-dont-have-time/2025/04/12/global-governance-just-won-big---as-the-us-left-the-room/
Business Insider,"Eve Crosbie,Lauren Edmonds",All the A-list appearances and biggest moments from Coachella 2025,"fans once again flocked to California for the Coachella Valley Music and Arts Festival, which included surprise guests and political statements.","Lady Gaga performed at the Coachella Valley Music and Arts Festival on April 11, 2025.Kevin Mazur/Kevin Mazur/Getty Images for Coachella
<ul><li>The 2025 Coachella Valley Music and Arts Festival kic… [+6228 chars]",2025-04-13T19:37:21Z,https://www.businessinsider.com/biggest-moments-surprise-appearances-coachella-2025-4
Forbes,"Diane Omdahl, Contributor, 
 Diane Omdahl, Contributor
 https://www.forbes.com/sites/dianeomdahl/",Medicare Enrollment Trap: Incomplete Instructions,"Given the current climate, those applying for Medicare need to do everything they can to ensure they do it right the first time.","Don't get trapped by bad Medicare directions.
getty
Weve all been reading about the problems with Social Security phone calls and appointments. Clients who need help report they are on hold for an … [+4472 chars]",2025-04-11T16:09:07Z,https://www.forbes.com/sites/dianeomdahl/2025/04/11/medicare-enrollment-trap-incomplete-instructions/
CBC News,,"Canadian mayors call for action on climate from federal leaders, instead of pipelines",Municipal politicians across Canada have written a letter to the five main federal party leaders calling for climate-related actions they say would improve the country's resilience to environmental calamities.,Municipal politicians across Canada have written a letter to the five main federal party leaders calling for climate-related actions they say would improve the country's resilience to environmental c… [+4680 chars],2025-04-11T08:01:00Z,https://www.cbc.ca/news/politics/letter-mayors-federal-leaders-1.7507440
Nakedcapitalism.com,Yves Smith,Links 4/12/2025,"Our ingestible daily links: canane rescue, whooping cough, Trump kills climate science agency, US Chinese stock delisting to boost Hong Kong, EU tariff paralysis, UK as neolibearlism victim, Iran negotiations, Witkoff visits Putin, TRump tax increase, moar AI…","Rescued Lab Test Dog Experiences the Joy of Going to the Beach for the First Time After Adoption Laughing Squid (resilc)
The North Sea Chessboard: Germany against Britain Big Serge
#COVID/Pandemics… [+8492 chars]",2025-04-12T10:58:07Z,https://www.nakedcapitalism.com/2025/04/links-4-12-2025.html
TechRadar,Jon Jarvis,Don't just lock your door: MFA alone is not enough in today's cybersecurity climate,"For years, MFA has been heralded as a cornerstone of modern security. However, it has become clear that MFA alone is no longer sufficient.","The cybersecurity landscape is evolving with serious pace, and organizations are facing increasingly sophisticated threats from attackers who are constantly finding new ways to bypass traditional def… [+7181 chars]",2025-04-15T14:46:08Z,https://www.techradar.com/pro/dont-just-lock-your-door-mfa-alone-is-not-enough-in-todays-cybersecurity-climate
New Scientist,James Dinneen,Trump budget cuts would eliminate much of NOAA’s climate research,Proposed cuts would wipe out NOAA’s Ocean and Atmospheric Research office among a raft of other reductions to one of the main scientific agencies of the US,"Protestors gathered in March outside the headquarters of the National Oceanic and Atmospheric Administration
Chip Somodevilla/Getty Images
The Trump administration aims to cut funding for the US Na… [+377 chars]",2025-04-11T20:37:10Z,https://www.newscientist.com/article/2476336-trump-budget-cuts-would-eliminate-much-of-noaas-climate-research/
Pitchfork,Jazz Monroe,"Brian Eno and Beatie Wolfe Announce New Albums, Share Videos: Watch","On Luminal and Lateral, Eno and fellow artist-musician Wolfe explore how “a piece of Art can become the ‘mother’ for a type of feeling, and a place you can go to find and re-experience that feeling”","Brian Eno and Beatie Wolfe have teamed up for a pair of new albums, Luminal and Lateral. Out June 6 via Verve, the two records are born of a 2022 SXSW talk presented by the two, who had not met befor… [+1156 chars]",2025-04-11T13:33:19Z,https://pitchfork.com/news/brian-eno-and-beatie-wolfe-announce-new-albums-share-videos-watch/
BBC News,,Climate protest jail term deemed 'disproportionate',A UN Special Rapporteur claims the sentence handed to a GP who smashed up petrol pumps is too long.,"Matthew HillHealth correspondent, BBC West
Dr Patrick Hart was sentenced to 12 months in prison
A human rights expert has described the year-long sentence given to a climate change activist as ""bla… [+6026 chars]",2025-04-14T05:20:42Z,https://www.bbc.com/news/articles/c1lmmlpmgldo
Al Jazeera English,,Severe sandstorms engulf southern Iraq,"A severe sandstorm blanketed southern Iraq, causing airports to close down and hospitalising over 3,500 people.","NewsFeed
A severe sandstorm blanketed southern Iraq on Monday, causing airports to close down and sending over 3,500 people to hospitals. Experts warn sandstorms are becoming more frequent in Iraq d… [+40 chars]",2025-04-15T15:43:44Z,https://www.aljazeera.com/program/newsfeed/2025/4/15/severe-sandstorms-engulf-southern-iraq
New Scientist,Michael Le Page,Inside the mouth-watering race to master lab-grown chocolate,"We’ve now figured out how to culture chocolate in the lab. The breakthrough could help with spiralling cocoa costs, and may even lead to tastier treats with more nutritional value","Gabi Musat/500px/Getty Images
It is by far the rarest and most exclusive chocolate I have ever eaten. In fact, you can’t even buy it in shops. It doesn’t look that special, though just a few flatten… [+1383 chars]",2025-04-14T16:00:00Z,https://www.newscientist.com/article/mg26635391-200-inside-the-mouth-watering-race-to-master-lab-grown-chocolate/
Phys.Org,Zhang Nannan,"Central Asia's cropland may face more than 1,000% rise in heat wave exposure by 2100",A new study led by Prof. Bao Anming from the Institute of Xinjiang Ecology and Geography (XIEG) of the Chinese Academy of Sciences warns of a dramatic rise in heat wave exposure across Central Asia's croplands by the end of the 21st century.,A new study led by Prof. Bao Anming from the Institute of Xinjiang Ecology and Geography (XIEG) of the Chinese Academy of Sciences warns of a dramatic rise in heat wave exposure across Central Asia's… [+2041 chars],2025-04-15T20:46:03Z,https://phys.org/news/2025-04-central-asia-cropland-exposure.html
NPR,Brit Hanson,Spring allergies are in bloom. Here's why and what to do about it,"Plants are blooming right now – and so are people's allergies. And if it feels like those pesky symptoms are getting worse ... you're probably right. Wednesday, a review published in the journal The Laryngoscope looked at the link between climate change and i…","Ragweed, seen here, can trigger allergies for some people. Ragweed is common in the fall. Research has found that the window for seasonal allergies is getting longer.
Roy Morsch/Getty Images
So man… [+992 chars]",2025-04-15T07:00:59Z,https://www.npr.org/2025/04/15/1266983622/spring-seasonal-allergies-climate-rhinitis
Forbes,"Pamela Jew, Former Contributor, 
 Pamela Jew, Former Contributor
 https://www.forbes.com/sites/pamelajew/","30 Under 30 Europe Science & Healthcare 2025: The Founders And Scientists Addressing Women’s Health, Climate Change And Medical Cures",30 Under 30 Europe Science & Healthcare 2025: The entrepreneurs and scientists of this year’s 30 Under 30 list are making inroads in traditionally underserved sectors like fertility and exploring novel ways of addressing everything from climate change to auto…,"By Pamela Jew
When Felicia von Reden was 26, her doctor diagnosed her with endometriosis and said her reproductive age was 10 years older than her biological age. The message was clear: if she wante… [+5309 chars]",2025-04-15T04:15:00Z,https://www.forbes.com/sites/pamelajew/2025/04/15/30-under-30-europe-science--healthcare-2025-the-founders-and-scientists-addressing-womens-health-climate-change-and-medical-cures/
The Next Web,Thomas Macaulay,TECH5: DACH’s 5 top scaleups enter ‘Champions League of Technology’,"Five fast-rising scaleups from the DACH region have qualified for TECH5 — the “Champions League of Technology.” The DACH entrants fought off off stiff competition to reach the finals, which will crown the hottest scaleup in Europe. Comprising Germany, Austria…","Five fast-rising scaleups from the DACH region have qualified for TECH5 the Champions League of Technology.
The DACH entrants fought off off stiff competition to reach the finals, which will crown t… [+6937 chars]",2025-04-14T07:12:12Z,https://thenextweb.com/news/dach-5-scaleups-germany-switzerland-austria-enter-tech5
Longreads.com,Michael Fischer,Well Without Water,"Haunted by a running tap in prison, a man’s growing obsession with water waste and climate change pushes him to the edge.","Longreads has published hundreds of original storiespersonal essays, reported features, reading lists, and moreand more than 13,000 editor’s picks. And they’re all funded by readers like you. Become … [+28898 chars]",2025-04-15T10:00:00Z,http://longreads.com/2025/04/15/well-without-water/
Boredpanda.com,Edvinas Jovaišas,"This Comic Artist Reveals What’s Wrong With Our Modern Society, And Here Are Her 27 Best Works","Besides being a source of entertainment, art can also be a powerful tool used by its creator to educate their audience. The topics vary, but today we’d like to introduce you to a Dutch artist, the author of an inspirational and thought-provoking comic series.…","Article created by: Hidrėlėy
Besides being a source of entertainment, art can also be a powerful tool used by its creator to educate their audience. The topics vary, but today we’d like to introduce… [+737 chars]",2025-04-12T13:00:12Z,https://www.boredpanda.com/comics-blending-humor-and-social-critique-maaike-hartjes-msn/
NPR,Kyle Gallego-Mackie,Scientists worry about free speech rights under the Trump administration,"Morning Edition's First Amendment series looks at the cost of speaking out or staying silent in the scientific community, amid pressure from colleagues or officials in Washington.","Tara McKay was home on the last night in February when she received an email that made her doubt if only for a moment the worthiness of her career.
It was a message from a branch of the National Ins… [+8901 chars]",2025-04-14T08:13:27Z,https://www.npr.org/2025/04/14/nx-s1-5349473/trump-free-speech-science-research
TheStreet,Rob Lenihan,"Analyst revamps Snowflake, Salesforce stock price targets",Investment firms weigh in on tech companies in the current climate.,"At least Matthew McConaughey got out of the rain.
The actor appears in a series of commercials for Salesforce  (CRM) , including one where McConaughey is seated at a restaurant's outdoor patio in th… [+5015 chars]",2025-04-15T18:39:39Z,https://www.thestreet.com/investing/stocks/analyst-revamps-snowflake-salesforce-stock-price-targets
MIT Technology Review,Rhiannon Williams,"The Download: how the military is using AI, and AI’s climate promises","This is today’s edition of The Download, our weekday newsletter that provides a daily dose of what’s going on in the world of technology. Generative AI is learning to spy for the US military For much of last year, US Marines conducting training exercises in t…","For much of last year, US Marines conducting training exercises in the waters off South Korea, the Philippines, India, and Indonesia were also running an experiment. The service members in the unit r… [+1281 chars]",2025-04-11T12:10:00Z,https://www.technologyreview.com/2025/04/11/1114934/the-download-how-the-military-is-using-ai-and-ais-climate-promises/
Phys.Org,Tori Pedersen,AI enables prediction of El Niño events in South Atlantic Ocean months in advance,"The El Niño phenomenon in the South Atlantic and Benguela current, which flows along the west coast of southern Africa, have a significant impact on the tropical Atlantic region, leading to extensive effects on local marine ecosystems, African climates, and t…","The El Niño phenomenon in the South Atlantic and Benguela current, which flows along the west coast of southern Africa, have a significant impact on the tropical Atlantic region, leading to extensive… [+5680 chars]",2025-04-14T17:22:56Z,https://phys.org/news/2025-04-ai-enables-el-nio-events.html
Scientific American,"Jesse M. Keenan, Yuliya Panfil",Getting Rid of FEMA Will Bankrupt Small Towns,"If the Trump administration successfully shutters FEMA, it will bankrupt small towns and force people to move","The Trump administration is preparing to eliminate the Federal Emergency Management Agency (FEMA), the agency that leads the nation’s disaster response. We predict this move will have the unintended … [+6808 chars]",2025-04-11T12:00:00Z,https://www.scientificamerican.com/article/getting-rid-of-fema-will-bankrupt-small-towns/
Scientific American,Ashley Balzer Vigil,A Colossal Squid Has Been Filmed in the Deep Sea for the First Time,"A colossal squid was filmed for the first time in its natural habitat near the South Sandwich Islands during a recent expedition, and it turned out to be a baby","A faintly fluttering specter, at first hardly visible among bits of marine snow falling in slow motion, emerged from the deep-sapphire void. The pilot of the underwater robot brought the creature to … [+3599 chars]",2025-04-15T20:00:00Z,https://www.scientificamerican.com/article/a-colossal-squid-has-been-filmed-in-the-deep-sea-for-the-first-time/
Biztoc.com,finance.yahoo.com,"Cytora, Vāyuh partner on property insurance risk assessment","Digital risk processing platform Cytora has collaborated with AI-powered weather analytics company Vāyuh to enhance property insurance underwriting.
Vāyuh's advanced climate and weather data models will be integrated into Cytora's digital risk processing plat…",Digital risk processing platform Cytora has collaborated with AI-powered weather analytics company Vyuh to enhance property insurance underwriting.Vyuh's advanced climate and weather data models will… [+144 chars],2025-04-11T14:40:36Z,https://biztoc.com/x/514556f73f0a3702
Crookedtimber.org,John Q,Some good news on the climate transition,"Thanks to James Wimberley for prompting me to write this, and alerting me to the data on China’s emissions Most of the news these days is bad, and that’s true of the climate. Even as climatic disasters worsen, the Trump regime is doing its best to dismantle U…","Thanks to James Wimberley for prompting me to write this, and alerting me to the data on China’s emissions
Most of the news these days is bad, and thats true of the climate. Even as climatic disaste… [+2850 chars]",2025-04-13T05:44:04Z,https://crookedtimber.org/2025/04/13/some-good-news-on-the-climate-transition/
Yahoo Entertainment,Laura Grace Tarpley,"Mortgage and refinance rates today, April 12, 2025: How to handle a volatile rate environment","These are today's mortgage and refinance rates. Interest rates are unpredictable, so shopping for a lender is more crucial than ever. Lock in your rate today...","Mortgage interest rates have increased today. Rates have been volatile overall this week, spiking for two days only to inch down yesterday, then back up today. According to Zillow, today's 30-year fi… [+6456 chars]",2025-04-12T10:00:33Z,https://finance.yahoo.com/personal-finance/mortgages/article/mortgage-refinance-rates-today-saturday-april-12-2025-100033478.html
ABC News,ABC News,WATCH: Dad cheers on daughter training for 1st marathon,Christina Lee started training to run her first marathon last fall and began seeing a familiar face pop up along her route.,"<ul><li>Putin meets Trump envoy
</li><li>Latest on the helicopter crash in Hudson River
</li><li>China strikes back with 125% tariff on US goods
</li><li>Judge rules against Columbia University st… [+4517 chars]",2025-04-12T13:45:59Z,https://abcnews.go.com/GMA/Living/video/dad-cheers-daughter-training-1st-marathon-120745162
ABC News,ABC News,WATCH: First birthday celebration for dwarf goats,Four Nigerian dwarf goats were treated to a celebration at the Philly Zoo for their first birthday.,"<ul><li>Putin meets Trump envoy
</li><li>Latest on the helicopter crash in Hudson River
</li><li>China strikes back with 125% tariff on US goods
</li><li>Judge rules against Columbia University st… [+4517 chars]",2025-04-12T15:18:37Z,https://abcnews.go.com/Entertainment/video/birthday-celebration-dwarf-goats-120747460
ABC News,ABC News,WATCH: Mysterious object crashes into New Jersey auto shop,"Security cameras of the owner's auto body shop captured a fireball as something crashed through the ceiling, leaving piles of debris.","<ul><li>1st round of nuclear talks between Iran and Trump administration
</li><li>Mangione attorneys seek to block death penalty
</li><li>Teen kills parents in Trump assassination plot: FBI
</li><… [+4363 chars]",2025-04-13T14:38:52Z,https://abcnews.go.com/GMA/News/video/mysterious-object-crashes-new-jersey-auto-shop-120760222
ABC News,ABC News,"WATCH: Meet the dog who knows more than 1,000 words","In 2011, astrophysicist Neil deGrasse Tyson visited Chaser, a dog who lived with a retired psychology professor in South Carolina.","<ul><li>Reality star Teddi Mellencamp opens up about shocking cancer diagnosis
</li><li>Gringo Hunters officer killed in the line of duty
</li><li>Tariff uncertainty impacting housing market
</li>… [+4466 chars]",2025-04-11T10:16:00Z,https://abcnews.go.com/US/video/meet-dog-1000-words-120707511
ABC News,ABC News,WATCH: Stunning 'pink moon' over Golden Gate Bridge,"Stunning time lapse video shows April’s full moon, known as the Pink Moon, rising over San Francisco's Golden Gate Bridge.","<ul><li>The rise of stay-at-home dads as women climb corporate ladder
</li><li>Bryce Dallas Howard on following in her fathers directorial footsteps
</li><li>Trump: ""Homegrown criminals"" could also… [+4484 chars]",2025-04-15T11:27:18Z,https://abcnews.go.com/US/video/stunning-pink-moon-golden-gate-bridge-120818517
ABC News,ABC News,WATCH: California earthquake stirs slumbering baby,"Baby monitor footage captured the moment Monday's 5.2 magnitude earthquake struck the San Diego area, stirring at least one baby awake in its crib.","<ul><li>5.2 magnitude earthquake shakes San Diego area
</li><li>US stocks rise amid Trump tariff exemptions for electronics
</li><li>FTC's historic antitrust trial against Meta underway
</li><li>E… [+4405 chars]",2025-04-14T20:02:14Z,https://abcnews.go.com/US/video/california-earthquake-stirs-slumbering-baby-120802958
ABC News,ABC News,"WATCH: The moment Katy Perry, Blue Origin returned to Earth","Jeff Bezos opens the hatch so the all-female space crew, including Katy Perry, Gayle King and his fiancée Lauren Sánchez, can exit, after traveling to space aboard Blue Origin rocket.","<ul><li>Suspect arrested after alleged arson at Pennsylvania governors house
</li><li>Trump signals new electronics tariffs in White House shift
</li><li>US spring breakers detained in Denmark
</l… [+4306 chars]",2025-04-14T16:31:18Z,https://abcnews.go.com/GMA/Culture/video/moment-katy-perry-blue-origin-returned-earth-120790699
ABC News,ABC News,WATCH: Elephants rush to protect their young during California earthquake,Elephants at the San Diego Zoo Safari Park rushed to protect their young as Monday's 5.2 magnitude quake shook California.,"<ul><li>Trump: ""Homegrown criminals"" could also be sent to El Salvador prison
</li><li>White House tariffs causing confusion and uncertainty for small businesses
</li><li>Suspect faces attempted mu… [+4480 chars]",2025-04-15T02:41:15Z,https://abcnews.go.com/US/video/elephants-rush-protect-young-california-earthquake-120812049
ABC News,ABC News,WATCH: MLB celebrates Jackie Robinson Day,"President of the Negroes Leagues Baseball Museum, Bob Kendrick, discusses why the legacy of Jackie Robinson and how the color barrier was broken in baseball.","<ul><li>Maryland judge to hold hearing on Kilmar Abrego Garcias return to US
</li><li>Police responding to shooting at high school in Dallas: School district
</li><li>Biden prepares for first post-… [+4341 chars]",2025-04-15T20:01:01Z,https://abcnews.go.com/Sports/video/mlb-celebrates-jackie-robinson-day-120838175
ABC News,ABC News,WATCH: Drone films foggy sunrise over San Francisco Bay,"An ethereal foggy sunrise over San Francisco Bay was captured on video, showcasing wavy clouds of the fog and the sunrise's golden glow.","<ul><li>Putin meets Trump envoy
</li><li>Latest on the helicopter crash in Hudson River
</li><li>China strikes back with 125% tariff on US goods
</li><li>Judge rules against Columbia University st… [+4517 chars]",2025-04-12T15:20:36Z,https://abcnews.go.com/Lifestyle/video/drone-films-foggy-sunrise-san-francisco-bay-120747556
ABC News,ABC News,WATCH: ‘The Breakfast Club’ stars reunite,"The cast from the cult classic 1985 hit, ""The Breakfast Club,"" came together this weekend in Chicago.","<ul><li>Suspect arrested after alleged arson at Pennsylvania governors house
</li><li>Trump signals new electronics tariffs in White House shift
</li><li>US spring breakers detained in Denmark
</l… [+4306 chars]",2025-04-14T14:32:41Z,https://abcnews.go.com/GMA/Culture/video/breakfast-club-stars-reunite-120789391
ABC News,MICHAEL R. SISAK Associated Press,What to know about Harvey Weinstein's #MeToo retrial,"Five years after Harvey Weinstein was convicted of rape and hauled to jail in handcuffs, the disgraced movie mogul returns to a Manhattan courthouse Tuesday for a new trial covering the very same allegations","NEW YORK -- Five years after Harvey Weinstein was convicted of rape and hauled to jail in handcuffs, the former movie mogul returns to a Manhattan courthouse Tuesday for a new trial covering the very… [+5278 chars]",2025-04-15T00:01:33Z,https://abcnews.go.com/Entertainment/wireStory/harvey-weinsteins-metoo-retrial-jury-selection-set-underway-120808648
ABC News,ABC News,WATCH: Blue Origin mission with all-female crew launches into space,"Blue Origin’s NS-31 mission launched into space on Monday morning with an all-female crew, including pop star Katy Perry.","<ul><li>Suspect arrested after alleged arson at Pennsylvania governors house
</li><li>Trump signals new electronics tariffs in White House shift
</li><li>US spring breakers detained in Denmark
</l… [+4306 chars]",2025-04-14T14:13:47Z,https://abcnews.go.com/US/video/blue-origin-mission-female-crew-launches-space-120787758
ABC News,ABC News,WATCH: Blue Origin's all-female crew exit capsule after spaceflight,"Blue Origin’s all-female crew, which includes pop star Katy Perry, completed their trip into space Monday morning.","<ul><li>Suspect arrested after alleged arson at Pennsylvania governors house
</li><li>Trump signals new electronics tariffs in White House shift
</li><li>US spring breakers detained in Denmark
</l… [+4306 chars]",2025-04-14T15:02:26Z,https://abcnews.go.com/International/video/blue-origin-female-crew-exit-capsule-after-spaceflight-120788372
ABC News,ABC News,"WATCH: Knicks player surprises local teen with $60,000","Calvin Mar, 18,got the chance to meet one of his idols, Karl-Anthony Towns, before the game. The two connected over the shared experience of losing a parent.","<ul><li>Putin meets Trump envoy
</li><li>Latest on the helicopter crash in Hudson River
</li><li>China strikes back with 125% tariff on US goods
</li><li>Judge rules against Columbia University st… [+4517 chars]",2025-04-12T14:24:59Z,https://abcnews.go.com/GMA/Living/video/knicks-player-surprises-local-teen-60000-120743805
ABC News,ABC News,WATCH: Quick-thinking wife saves husband from alligator attack in retirement community,"A South Carolina wife-turned-warrior fought off an alligator that had attacked her husband in their backyard, authorities said.","<ul><li>Small plane crashes in Boca Raton, Florida; all 3 on board killed
</li><li>How the trade war with China could impact prices in US
</li><li>China to increase tariffs on US goods to 125%
</l… [+4385 chars]",2025-04-11T12:46:07Z,https://abcnews.go.com/US/video/quick-thinking-wife-saves-husband-alligator-attack-retirement-120709658
Forbes,"David Vetter, Senior Contributor, 
 David Vetter, Senior Contributor
 https://www.forbes.com/sites/davidrvetter/","Europe ‘Frankly Insane’ To Keep Importing Fossil Fuels, Scientist Says",Experts have blasted both the EU and U.S. governments in response to a new report confirming that Europe is the world's fastest warming continent.,"Soldiers search wrecked cars in Massassana, eastern Spain, in the aftermath of deadly floods in ... More November 2024.
AFP via Getty Images
Leading scientists have reacted with exasperation to a m… [+4000 chars]",2025-04-15T09:41:17Z,https://www.forbes.com/sites/davidrvetter/2025/04/15/europe-frankly-insane-to-keep-importing-fossil-fuels-scientist-says/
NPR,Nate Perez,Federal funding freeze halts key infrastructure projects in tribal communities,"Riverbank stabilization, lead and asbestos contamination are just some of the projects tribes planned to address before the Trump administration froze funds.","The Tebughna Foundation
 threw a big celebration in February after the Environmental Protection Agency awarded the nonprofit $20 million to renovate or replace 20 homes contaminated with asbestos an… [+8628 chars]",2025-04-15T01:55:32Z,https://www.npr.org/2025/04/14/nx-s1-5342539/federal-funding-freeze-halts-native-american-projects
Yahoo Entertainment,Namrata Sen,"JPMorgan Chase, Morgan Stanley And Wells Fargo Face Earnings Uncertainty Amid Trump Tariff Fallout And Market Turmoil",U.S. investment banks are set to announce their earnings in an economic climate marred by turbulence and the repercussions of President Donald Trump‘s...,"U.S. investment banks are set to announce their earnings in an economic climate marred by turbulence and the repercussions of President Donald Trumps tariffs, which have led to a substantial decline … [+3291 chars]",2025-04-11T10:08:15Z,https://finance.yahoo.com/news/jpmorgan-chase-morgan-stanley-wells-100815462.html
Skift,Darin Graham,New Global Rules to Force Cruise Ships to Pay for Carbon Emissions,"The shipping industry just became the first to adopt a global system that charges companies for emissions — a landmark moment for climate accountability. If cruise ships can pay for their pollution, which industry is next? -Darin Graham","Cruise ship companies will have to pay for the carbon dioxide produced by their vessels under new global rules agreed to on Friday.
The deal, led by the International Maritime Organization (IMO), co… [+5301 chars]",2025-04-14T18:40:43Z,http://skift.com/2025/04/14/new-global-rules-to-force-cruise-ships-to-pay-for-carbon-emissions/
Yanko Design,Srishti Mitra,ClayPonic V1 Is A 3D-Printed Clay Hydroponics System Revolutionizing Urban Farming,"ClayPonic V1 Is A 3D-Printed Clay Hydroponics System Revolutionizing Urban FarmingEcoTech Lab, under the leadership of architect Logman Arja, has unveiled ClayPonic V1—a forward-thinking, sustainable urban farming system that challenges conventional approache…","EcoTech Lab, under the leadership of architect Logman Arja, has unveiled ClayPonic V1a forward-thinking, sustainable urban farming system that challenges conventional approaches to food production. D… [+3067 chars]",2025-04-15T21:30:58Z,https://www.yankodesign.com/2025/04/15/clayponic-v1-is-a-3d-printed-clay-hydroponics-system-revolutionizing-urban-farming/
Geeksaresexy.net,Geeks are Sexy,"Lab-grown meat: you may find it icky, but it could drive forward medical research","James Hague, The Open University Lab-grown meat causes heated debates. Proponents see benefits for the climate and animal welfare. Opponents worry about a Frankenstein food they regard as risky and unnatural. Whatever your opinion, the technology underpinning…","James Hague, The Open University
Lab-grown meat causes heated debates. Proponents see benefits for the climate and animal welfare. Opponents worry about a Frankenstein food they regard as risky and … [+5931 chars]",2025-04-14T16:00:23Z,https://www.geeksaresexy.net/2025/04/14/lab-grown-meat-you-may-find-it-icky-but-it-could-drive-forward-medical-research/
The New Republic,Ellie Quinlan Houghtaling,Trump Plans Potentially Deadly Cuts for Weather Research,"Next on the White House’s chopping block: the National Oceanic and Atmospheric Administration.
The Trump administration is planning to close “all weather and climate labs and eviscerate its budget along with several other NOAA offices,” CNN reported Friday. …","The firms will provide services to causes President Trump and the Law Firms both support and agree to work on, including in the following areas: Assisting Veterans and other Public Servants, includin… [+801 chars]",2025-04-11T18:14:39Z,https://newrepublic.com/post/193927/donald-trump-plans-deadly-cuts-weather-research-noaa
/FILM,staff@slashfilm.com (Joe Roberts),A Mind-Bending Sci-Fi Movie Is Dominating Max's Streaming Charts,"A small 2024 sci-fi film is riding high on Max's streaming charts. Given how much money it made at the box office, we'd never expect it to chart this high.","""2073"" takes place in that very year and focuses on Ghost (Samantha Morton), a woman living in a deserted shopping center in ""New San Francisco"" 37 years after ""The Event."" Ghost is, as her name sugg… [+1574 chars]",2025-04-13T11:45:00Z,https://www.slashfilm.com/1832402/sci-fi-movie-2073-max-streaming-charts/
Designboom,kat barandy I designboom,foster + partners channels saudi arabia streetscapes for expo 2025 osaka pavilion,"the massing of foster + partners' pavilion recalls the organic shapes and meandering streets of saudi arabia's traditional villages. 
The post foster + partners channels saudi arabia streetscapes for expo 2025 osaka pavilion appeared first on designboom | arc…","Saudi Arabia’s vernacular channeled in Osaka
At Expo 2025 Osaka, amid the bold gestures and cultural showcases from around the globe, the Saudi Arabia Pavilion by Foster + Partners offers something … [+3698 chars]",2025-04-15T16:01:43Z,https://www.designboom.com/architecture/foster-partners-saudi-arabia-expo-2025-osaka-pavilion-04-15-2025/
